{"text": " weather details during drilling operations in well KG D6A6PH for report date 31st October 2008", "segments": [{"id": 0, "seek": 0, "start": 0.0, "end": 6.9, "text": " weather details during drilling operations in well KG D6A6PH for report date 31st October 2008", "tokens": [50364, 5503, 4365, 1830, 26290, 7705, 294, 731, 591, 38, 413, 21, 32, 21, 21904, 337, 2275, 4002, 10353, 372, 7617, 10389, 50709], "temperature": 0.0, "avg_logprob": -0.4019530216852824, "compression_ratio": 1.010752688172043, "no_speech_prob": 0.10845175385475159}], "language": "English"}