{"text": " hello 123 hello domain specific words I want this that apple ball cat this and that", "segments": [{"id": 0, "seek": 0, "start": 0.0, "end": 12.200000000000001, "text": " hello 123 hello domain specific words I want this that apple ball cat this and that", "tokens": [50364, 7751, 34466, 7751, 9274, 2685, 2283, 286, 528, 341, 300, 10606, 2594, 3857, 341, 293, 300, 50974], "temperature": 0.0, "avg_logprob": -0.5133247877422132, "compression_ratio": 1.1066666666666667, "no_speech_prob": 0.2683719992637634}], "language": "en"}